{
    "monthly_income_mean": 6418.45492,
    "debt_ratio_mean": 353.00507576386985,
    "late_payment_mean": 0.26597333333333334
}